지역명,2018년 전체,2018년 1층,2018년 1층 외,2019년,2019년 1층,2019년 1층 외,2020년,2020년 1층,2020년 1층 외
종로구,180684 ,217322 ,149336 ,190358 ,225458 ,158852 ,169274 ,205895 ,137462 
청운효자동,130682 ,150242 ,67488 ,130149 ,154347 ,91222 ,134432 ,152656 ,99025 
사직동,134027 ,148092 ,126437 ,135504 ,190743 ,111830 ,133929 ,202244 ,105045 
삼청동,199095 ,242647 ,111991 ,182134 ,161827 ,227825 ,165197 ,187342 ,76618 
부암동,76845 ,98860 ,56298 ,79183 ,92219 ,57456 ,103738 ,106926 ,98956 
평창동,82130 ,101445 ,72114 ,92775 ,105654 ,78726 ,82123 ,80023 ,85232 
무악동,,137324 ,,,,,123569 ,162791 ,52969 
교남동,156623 ,178599 ,112671 ,,250954 ,,190497 ,216085 ,161253 
가회동,128061 ,142965 ,83348 ,169897 ,168299 ,175605 ,133177 ,148279 ,105489 
종로1.2.3.4가동,193149 ,264091 ,113695 ,211372 ,277069 ,131759 ,185145 ,247572 ,119499 
종로5.6가동,260034 ,251976 ,263131 ,270813 ,289438 ,263819 ,241732 ,247907 ,239084 
이화동,131636 ,175324 ,98493 ,123400 ,155608 ,87971 ,118062 ,158706 ,79266 
혜화동,132970 ,176794 ,89146 ,119058 ,138053 ,83601 ,133034 ,170856 ,79802 
창신1동,144913 ,203788 ,108428 ,164145 ,220766 ,128528 ,164850 ,200240 ,133663 
창신2동,71607 ,84579 ,38587 ,79907 ,91722 ,64153 ,74553 ,88697 ,57082 
창신3동,97645 ,72024 ,118608 ,,,122958 ,79112 ,94243 ,62900 
숭인1동,97595 ,177290 ,57748 ,87115 ,102738 ,74332 ,75743 ,101361 ,56866 
숭인2동,113083 ,158712 ,65512 ,97951 ,127872 ,67317 ,78757 ,112749 ,53536 
중구,216687 ,221363 ,213835 ,216936 ,223798 ,213495 ,245055 ,254274 ,240558 
소공동,130381 ,166086 ,110365 ,157654 ,228362 ,125994 ,137251 ,201893 ,117825 
회현동,310714 ,364920 ,271724 ,312075 ,368841 ,282793 ,332597 ,384214 ,300815 
명동,159270 ,232003 ,136247 ,166629 ,218888 ,147287 ,158528 ,255052 ,127780 
필동,82594 ,127868 ,58585 ,105340 ,172988 ,76069 ,112759 ,150026 ,89440 
장충동,88287 ,81006 ,94710 ,87504 ,99475 ,81058 ,92818 ,116489 ,66363 
광희동,174151 ,184355 ,168611 ,188297 ,199558 ,181896 ,193959 ,203200 ,188798 
을지로동,138032 ,195638 ,75312 ,122247 ,172055 ,79194 ,136699 ,187197 ,98432 
신당동,400605 ,327885 ,416697 ,370336 ,323139 ,378185 ,393106 ,366588 ,398637 
다산동,95281 ,123682 ,62146 ,101842 ,117668 ,85490 ,96858 ,117856 ,81109 
약수동,114826 ,152945 ,76707 ,104077 ,168404 ,65958 ,123860 ,189879 ,79398 
청구동,89064 ,119407 ,65617 ,95224 ,91778 ,96193 ,95196 ,102825 ,91208 
신당5동,110917 ,133818 ,87379 ,107926 ,129278 ,93690 ,114457 ,125206 ,104576 
동화동,90285 ,125717 ,61105 ,97152 ,120237 ,82723 ,93384 ,111775 ,84673 
황학동,134332 ,151890 ,86819 ,131161 ,149781 ,92543 ,131052 ,139061 ,115179 
중림동,130674 ,156831 ,90433 ,102843 ,128045 ,78736 ,130325 ,137759 ,120349 
용산구,114946 ,133676 ,98474 ,112058 ,134694 ,88814 ,117720 ,137826 ,95454 
후암동,93931 ,116362 ,54972 ,86662 ,110235 ,47374 ,91668 ,107963 ,65509 
용산2가동,74039 ,80608 ,63090 ,102064 ,115062 ,46824 ,92668 ,92682 ,92613 
남영동,95169 ,108761 ,70575 ,84697 ,108157 ,55371 ,96281 ,115490 ,68153 
청파동,88266 ,105419 ,63367 ,103630 ,138360 ,62502 ,104103 ,128553 ,70824 
원효로1동,83941 ,112378 ,57400 ,83129 ,102015 ,59092 ,87561 ,101576 ,71154 
원효로2동,83107 ,93430 ,77258 ,94142 ,101901 ,88108 ,95515 ,113063 ,79815 
효창동,91856 ,115778 ,67933 ,90668 ,106897 ,65164 ,143717 ,142288 ,145146 
용문동,99026 ,122467 ,33391 ,121964 ,133350 ,61243 ,92074 ,105008 ,56968 
한강로동,113523 ,139327 ,102994 ,114251 ,144273 ,99900 ,116052 ,143458 ,102026 
이촌1동,236383 ,242905 ,230839 ,181120 ,327333 ,95113 ,217531 ,299053 ,120992 
이촌2동,97884 ,97564 ,98311 ,,81824 ,,89426 ,67472 ,167833 
이태원1동,189500 ,218596 ,161790 ,173009 ,204168 ,133838 ,175170 ,203671 ,135812 
이태원2동,161590 ,218545 ,97515 ,131891 ,148731 ,112946 ,122236 ,133423 ,106983 
한남동,120638 ,132154 ,112795 ,121458 ,145054 ,102231 ,114975 ,133187 ,96764 
서빙고동,67670 ,81226 ,51102 ,,127605 ,,67401 ,66106 ,68756 
보광동,78844 ,90437 ,58387 ,81358 ,85741 ,74637 ,95728 ,115958 ,58880 
성동구,105564 ,124268 ,83982 ,102726 ,122760 ,83661 ,103535 ,122344 ,84865 
왕십리2동,93525 ,127257 ,55295 ,84622 ,114195 ,51935 ,98626 ,114934 ,77870 
왕십리도선동,124515 ,147541 ,99023 ,122508 ,131944 ,111444 ,109031 ,126117 ,92173 
마장동,116591 ,137297 ,79827 ,105159 ,117542 ,78845 ,108658 ,129275 ,64320 
사근동,171731 ,186597 ,136690 ,134750 ,144478 ,119390 ,121442 ,145559 ,87888 
행당1동,189350 ,161905 ,213136 ,153370 ,169238 ,129912 ,136665 ,139320 ,133077 
행당2동,109890 ,139639 ,70226 ,118772 ,186921 ,90078 ,101868 ,130724 ,86591 
응봉동,73197 ,101989 ,48519 ,98137 ,157901 ,73236 ,108634 ,132462 ,84805 
금호1가동,103264 ,135148 ,64021 ,,,132391 ,109145 ,115009 ,104198 
금호2.3가동,107783 ,120984 ,68181 ,109808 ,138407 ,76010 ,114503 ,128886 ,86475 
금호4가동,90321 ,107951 ,72692 ,84460 ,92661 ,74023 ,102876 ,130295 ,67232 
옥수동,122819 ,178203 ,76666 ,127907 ,182135 ,90364 ,133201 ,167425 ,113183 
성수1가1동,88351 ,98646 ,66357 ,86692 ,121682 ,61861 ,95588 ,113434 ,80195 
성수1가2동,88125 ,116457 ,60884 ,103213 ,131504 ,78404 ,102730 ,126967 ,80145 
성수2가1동,74072 ,91996 ,53628 ,70126 ,81714 ,54066 ,80579 ,96779 ,65176 
성수2가3동,96204 ,104252 ,90723 ,97212 ,114487 ,88258 ,99242 ,107170 ,94604 
송정동,80068 ,92669 ,56440 ,82866 ,94046 ,62742 ,78328 ,89385 ,65692 
용답동,84952 ,108449 ,52057 ,84481 ,120222 ,59116 ,88256 ,125194 ,57349 
광진구,92749 ,110215 ,70087 ,98635 ,119277 ,70407 ,99247 ,118023 ,73859 
화양동,116710 ,146170 ,85517 ,125349 ,161887 ,70252 ,131504 ,159042 ,90886 
군자동,83201 ,102062 ,51194 ,92071 ,105028 ,68906 ,93303 ,113305 ,48820 
중곡1동,75724 ,88213 ,46869 ,75815 ,89816 ,52480 ,79002 ,91653 ,58542 
중곡2동,78406 ,84025 ,71006 ,75523 ,89269 ,57621 ,72393 ,90281 ,50205 
중곡3동,74707 ,96227 ,40120 ,69862 ,95401 ,36059 ,71811 ,92646 ,37789 
중곡4동,83936 ,109258 ,48486 ,90063 ,105633 ,56892 ,84622 ,106003 ,44610 
능동,95948 ,123645 ,65943 ,99671 ,133163 ,62990 ,108138 ,138927 ,68368 
광장동,97697 ,119083 ,73255 ,105961 ,143234 ,65926 ,104770 ,143020 ,80687 
자양1동,99564 ,106423 ,85591 ,107643 ,124131 ,74135 ,103900 ,118703 ,75730 
자양2동,97275 ,109584 ,77346 ,84888 ,94786 ,66558 ,83205 ,82892 ,83708 
자양3동,110300 ,125950 ,92912 ,128566 ,117894 ,146231 ,115389 ,122034 ,106528 
자양4동,92439 ,112610 ,53108 ,117364 ,149658 ,69385 ,115286 ,144452 ,63230 
구의1동,90369 ,101634 ,76708 ,88643 ,106140 ,65090 ,91317 ,108980 ,64823 
구의2동,85208 ,100022 ,60519 ,124103 ,145517 ,76516 ,99670 ,118598 ,59490 
구의3동,100339 ,144574 ,79275 ,91395 ,118170 ,79347 ,106942 ,132064 ,95269 
동대문구,105913 ,124155 ,76700 ,86033 ,107687 ,56542 ,93251 ,116355 ,59134 
용신동,99505 ,114802 ,77366 ,78893 ,95739 ,60191 ,81536 ,102205 ,58997 
제기동,115714 ,130150 ,72406 ,91987 ,109362 ,54408 ,119019 ,139149 ,69929 
전농1동,130187 ,136464 ,115372 ,88972 ,108445 ,54155 ,91438 ,103409 ,69888 
전농2동,110549 ,122158 ,93582 ,89065 ,102439 ,61203 ,101606 ,121340 ,78172 
답십리1동,101019 ,129805 ,73979 ,101158 ,151039 ,45041 ,97776 ,130261 ,55082 
답십리2동,88674 ,91415 ,82710 ,71896 ,80272 ,61566 ,81369 ,101900 ,48952 
장안1동,79844 ,109207 ,50481 ,76658 ,99729 ,55415 ,78332 ,98023 ,56243 
장안2동,86850 ,92359 ,81341 ,80245 ,108339 ,50929 ,84460 ,112492 ,52561 
청량리동,115349 ,125911 ,54619 ,78210 ,94351 ,51579 ,83490 ,97037 ,52903 
회기동,178575 ,189979 ,150063 ,118240 ,136206 ,77816 ,112804 ,132051 ,62959 
휘경1동,142241 ,157088 ,111406 ,101869 ,116248 ,58732 ,109438 ,158629 ,50682 
휘경2동,99371 ,115446 ,61863 ,106678 ,117686 ,70511 ,92631 ,104050 ,71424 
이문1동,114137 ,134923 ,76722 ,93075 ,105667 ,72819 ,115685 ,143979 ,55952 
이문2동,109536 ,161824 ,52495 ,72199 ,111401 ,29730 ,78539 ,84048 ,69642 
중랑구,73440 ,90468 ,46736 ,78048 ,94765 ,47294 ,81028 ,97761 ,56926 
면목2동,67531 ,84367 ,36265 ,61482 ,75614 ,36850 ,73886 ,94174 ,39015 
면목4동,72213 ,73698 ,70042 ,56277 ,72063 ,35847 ,64501 ,70037 ,52639 
면목5동,60353 ,76798 ,35685 ,53843 ,68073 ,27969 ,62613 ,76839 ,42459 
면목본동,72935 ,92905 ,33944 ,88096 ,100961 ,36023 ,75035 ,92705 ,52256 
면목7동,74622 ,91258 ,41350 ,114158 ,133316 ,44892 ,97811 ,122325 ,46653 
면목3.8동,76975 ,96337 ,46317 ,83805 ,90810 ,62486 ,80299 ,97375 ,55133 
상봉1동,81750 ,102029 ,58767 ,93536 ,117172 ,47954 ,87636 ,99445 ,65921 
상봉2동,76006 ,95078 ,38922 ,90181 ,99532 ,71210 ,90381 ,111741 ,66174 
중화1동,53198 ,54349 ,50753 ,60537 ,62190 ,56874 ,70438 ,84308 ,54758 
중화2동,63906 ,84468 ,38409 ,82668 ,109688 ,39294 ,83813 ,107674 ,47558 
묵1동,93036 ,109328 ,58972 ,84907 ,107923 ,67088 ,94243 ,121142 ,62243 
묵2동,75787 ,102437 ,43080 ,60016 ,72160 ,38426 ,81639 ,85232 ,74660 
망우본동,73604 ,95544 ,37357 ,71130 ,95756 ,42564 ,75777 ,86722 ,60729 
망우3동,59359 ,68263 ,42541 ,51301 ,67286 ,21210 ,61205 ,71815 ,40574 
신내1동,73362 ,93902 ,46953 ,68626 ,86047 ,42910 ,82724 ,103286 ,61227 
신내2동,113105 ,121041 ,109498 ,106292 ,144485 ,68099 ,104477 ,135560 ,80217 
성북구,94707 ,108971 ,73407 ,89835 ,104251 ,65773 ,92023 ,112998 ,62448 
성북동,131080 ,153229 ,74125 ,115291 ,124850 ,89481 ,117936 ,132114 ,90086 
삼선동,91553 ,107895 ,71202 ,93388 ,113962 ,63578 ,92237 ,116460 ,60147 
동선동,131940 ,161113 ,88537 ,111532 ,138374 ,74749 ,128376 ,174983 ,71462 
돈암1동,,110556 ,,96317 ,95712 ,96923 ,57137 ,73527 ,52016 
돈암2동,,,,,,,103885 ,115874 ,95322 
안암동,136208 ,145578 ,117896 ,92607 ,113059 ,65727 ,102071 ,143281 ,60332 
보문동,76509 ,92903 ,53741 ,78173 ,97065 ,52743 ,78247 ,92441 ,61471 
정릉1동,94066 ,110804 ,73741 ,65335 ,74799 ,45548 ,93208 ,101639 ,69723 
정릉2동,80073 ,118654 ,59298 ,92068 ,125551 ,58585 ,74800 ,93953 ,54987 
정릉3동,72847 ,89240 ,52812 ,97994 ,96305 ,101373 ,71226 ,81792 ,47315 
정릉4동,82592 ,84878 ,79087 ,115016 ,130018 ,78762 ,86378 ,109290 ,58120 
길음1동,118593 ,98593 ,130816 ,150990 ,149415 ,153049 ,127986 ,162987 ,97454 
길음2동,82158 ,141800 ,52337 ,97113 ,133787 ,49155 ,116016 ,132897 ,99135 
종암동,94478 ,90320 ,100074 ,79489 ,92221 ,63177 ,81165 ,95657 ,57087 
월곡1동,90040 ,118167 ,50862 ,79466 ,96325 ,44281 ,86624 ,96599 ,66437 
월곡2동,85749 ,100117 ,55949 ,78878 ,96400 ,59319 ,77499 ,106096 ,41276 
장위1동,57240 ,61138 ,40868 ,49891 ,53069 ,37577 ,52309 ,60989 ,30609 
장위2동,61099 ,70861 ,42849 ,67246 ,78522 ,36423 ,74724 ,83652 ,60393 
장위3동,72471 ,85253 ,58410 ,89362 ,112849 ,48261 ,98845 ,136419 ,37115 
석관동,83612 ,93432 ,58613 ,81202 ,83923 ,71553 ,78927 ,93986 ,51590 
강북구,82146 ,91286 ,63658 ,88721 ,98250 ,70351 ,86808 ,99676 ,64819 
삼양동,66884 ,67066 ,66672 ,80527 ,104541 ,43506 ,83486 ,79647 ,90309 
미아동,86198 ,98444 ,56808 ,96753 ,106513 ,78147 ,86643 ,106868 ,55295 
송중동,107428 ,124934 ,72416 ,98366 ,118342 ,58928 ,103611 ,117359 ,83161 
송천동,73887 ,88204 ,52180 ,83472 ,90826 ,67068 ,74164 ,91823 ,45215 
삼각산동,106744 ,117419 ,86919 ,122709 ,157388 ,104772 ,120228 ,119050 ,121702 
번1동,84494 ,86695 ,80657 ,86850 ,94509 ,74491 ,84861 ,100144 ,59390 
번2동,,76701 ,,71391 ,94470 ,31002 ,77216 ,69898 ,92516 
번3동,76280 ,96631 ,60625 ,103919 ,97347 ,111313 ,64504 ,93840 ,40755 
수유1동,74641 ,84558 ,45475 ,77137 ,95645 ,38579 ,84348 ,105465 ,34622 
수유2동,86085 ,74236 ,112603 ,88074 ,78396 ,109535 ,70649 ,80212 ,53983 
수유3동,85938 ,105092 ,52670 ,105926 ,113388 ,85847 ,104400 ,124656 ,70640 
우이동,67236 ,74347 ,33813 ,67149 ,77757 ,34001 ,73214 ,81416 ,48198 
인수동,55722 ,61153 ,38151 ,55498 ,63580 ,38660 ,59014 ,63188 ,49832 
도봉구,81988 ,94098 ,61634 ,86911 ,109534 ,47048 ,79696 ,97728 ,52475 
창1동,113861 ,102860 ,129391 ,65459 ,78693 ,46554 ,89051 ,108189 ,63762 
창2동,70455 ,94434 ,41146 ,74449 ,95812 ,40464 ,66923 ,88558 ,34779 
창3동,68019 ,74263 ,46944 ,76994 ,91038 ,52027 ,62511 ,75425 ,32162 
창4동,134273 ,194223 ,111534 ,130919 ,199274 ,62565 ,100733 ,165052 ,76911 
창5동,90366 ,126148 ,59355 ,112340 ,149785 ,47304 ,96619 ,133470 ,60414 
도봉1동,69873 ,72068 ,64387 ,87444 ,113787 ,37050 ,71400 ,85316 ,35219 
도봉2동,78657 ,93037 ,58394 ,79838 ,95328 ,56195 ,86524 ,106988 ,60700 
쌍문1동,85634 ,100872 ,32304 ,,83358 ,,61701 ,72982 ,36318 
쌍문2동,77982 ,93748 ,44349 ,81545 ,104458 ,45267 ,69706 ,91579 ,45645 
쌍문3동,64241 ,83130 ,28352 ,80563 ,93748 ,49123 ,90515 ,114194 ,45788 
쌍문4동,100953 ,146493 ,55412 ,77997 ,103478 ,52515 ,83001 ,122722 ,55368 
방학1동,74156 ,87794 ,40311 ,111847 ,132908 ,59650 ,81991 ,96882 ,47245 
방학2동,76966 ,95385 ,23123 ,63741 ,74675 ,23984 ,72381 ,87833 ,32302 
방학3동,61392 ,76288 ,44840 ,62452 ,93518 ,39562 ,81532 ,78719 ,83800 
노원구,103291 ,128887 ,72289 ,106095 ,135390 ,70094 ,103275 ,134345 ,69860 
월계1동,91482 ,112322 ,31939 ,107610 ,148021 ,43427 ,102641 ,133270 ,57876 
월계2동,69009 ,90125 ,44374 ,,113826 ,,90740 ,94747 ,86025 
월계3동,,,,138067 ,163636 ,95451 ,115438 ,179401 ,71827 
공릉1동,79268 ,102639 ,43745 ,90775 ,117557 ,47558 ,93756 ,112726 ,65302 
공릉2동,91166 ,111519 ,60635 ,113692 ,130346 ,83412 ,99793 ,121716 ,72388 
하계1동,90561 ,87944 ,93178 ,78420 ,107350 ,65271 ,87750 ,98728 ,77940 
하계2동,,,,,,,128976 ,165785 ,87566 
중계본동,120095 ,164008 ,93259 ,88136 ,109523 ,68608 ,93461 ,120935 ,71657 
중계1동,133965 ,170430 ,116948 ,124222 ,179917 ,74715 ,133455 ,212569 ,91571 
중계4동,88192 ,110099 ,44380 ,96363 ,110273 ,83149 ,108684 ,158001 ,57074 
중계2.3동,106695 ,174749 ,87251 ,176401 ,282221 ,123491 ,99466 ,161210 ,71681 
상계1동,91048 ,111382 ,58091 ,99882 ,129501 ,47554 ,90921 ,124006 ,52680 
상계2동,135480 ,170148 ,86944 ,137662 ,163832 ,107131 ,121057 ,152755 ,80382 
상계3.4동,84003 ,83500 ,85428 ,63424 ,80623 ,36194 ,77363 ,90302 ,44171 
상계5동,61831 ,86352 ,33045 ,69270 ,92695 ,44044 ,77776 ,102674 ,36696 
상계6.7동,120650 ,162364 ,85193 ,126201 ,181226 ,66943 ,130792 ,179812 ,94923 
상계8동,107327 ,175582 ,39072 ,,,61107 ,118368 ,162791 ,62840 
상계9동,92473 ,141254 ,53448 ,108945 ,133025 ,60786 ,106310 ,203781 ,52858 
상계10동,,,54834 ,,,47169 ,99816 ,204730 ,66435 
은평구,90042 ,99627 ,69457 ,92543 ,105636 ,69099 ,95701 ,111518 ,70074 
녹번동,87104 ,103087 ,61900 ,82436 ,99077 ,56285 ,90705 ,105450 ,70343 
불광1동,115198 ,131320 ,60115 ,95580 ,117333 ,64504 ,103827 ,129992 ,58474 
불광2동,95378 ,112706 ,57833 ,97180 ,117915 ,51870 ,116610 ,144733 ,73113 
갈현1동,87069 ,95136 ,73544 ,101525 ,132386 ,52341 ,94863 ,109046 ,71044 
갈현2동,87989 ,105816 ,33733 ,86203 ,100543 ,51377 ,91779 ,111757 ,57246 
구산동,73626 ,76677 ,62644 ,67684 ,73775 ,58943 ,87490 ,101342 ,67838 
대조동,89661 ,94900 ,78848 ,122559 ,131421 ,106044 ,105180 ,123335 ,81285 
응암1동,87696 ,105395 ,58199 ,102904 ,116653 ,78066 ,87853 ,112314 ,53608 
응암2동,100116 ,96177 ,104931 ,103132 ,105829 ,99086 ,93108 ,100415 ,82147 
응암3동,78640 ,91909 ,41597 ,83941 ,97013 ,58149 ,91082 ,109404 ,47748 
역촌동,83336 ,95134 ,55809 ,85619 ,95446 ,69015 ,83642 ,96995 ,56397 
신사1동,94421 ,87222 ,117681 ,79115 ,90568 ,46392 ,90851 ,94362 ,83487 
신사2동,70946 ,74455 ,66561 ,77555 ,76291 ,79300 ,78021 ,86105 ,62142 
증산동,70094 ,72918 ,63793 ,65068 ,74613 ,35478 ,91753 ,105988 ,54743 
수색동,,70702 ,,83356 ,101606 ,59891 ,65645 ,80087 ,34956 
진관동,136297 ,143247 ,125993 ,109771 ,119029 ,96715 ,116120 ,126940 ,105717 
서대문구,113606 ,130910 ,80800 ,104119 ,123293 ,75928 ,106143 ,129624 ,74953 
천연동,85289 ,106338 ,43192 ,94628 ,117486 ,71771 ,110247 ,134115 ,67151 
북아현동,149223 ,156231 ,137364 ,83756 ,96284 ,61384 ,119476 ,139489 ,92315 
충현동,119975 ,118969 ,121506 ,95151 ,102869 ,85718 ,96081 ,118926 ,70729 
신촌동,164309 ,225167 ,82530 ,134860 ,173241 ,94928 ,134601 ,186761 ,84136 
연희동,97271 ,106353 ,84753 ,95841 ,108693 ,79904 ,93505 ,95559 ,91519 
홍제1동,90182 ,109910 ,52371 ,96617 ,109014 ,47029 ,121360 ,156042 ,69337 
홍제3동,97801 ,105015 ,71350 ,102562 ,118186 ,55690 ,104367 ,119484 ,50060 
홍제2동,117695 ,145181 ,78428 ,136704 ,212912 ,60495 ,94291 ,116203 ,67615 
홍은1동,74293 ,80199 ,62025 ,71915 ,82729 ,56465 ,71134 ,83994 ,55212 
홍은2동,87418 ,103574 ,51378 ,87653 ,103878 ,55203 ,81111 ,96641 ,55226 
남가좌1동,184632 ,227469 ,113238 ,113902 ,133210 ,62414 ,120929 ,139639 ,88966 
남가좌2동,80882 ,86083 ,55919 ,108120 ,127157 ,73220 ,84527 ,105837 ,43515 
북가좌1동,,90512 ,,,92840 ,,98638 ,108363 ,80402 
북가좌2동,88071 ,99205 ,57599 ,80601 ,93589 ,62890 ,84416 ,100211 ,56094 
마포구,121602 ,145670 ,103190 ,121108 ,140062 ,103115 ,123118 ,150690 ,103149 
아현동,144272 ,196919 ,95675 ,124041 ,152935 ,102259 ,118385 ,168013 ,84622 
공덕동,83508 ,100351 ,71985 ,90513 ,97620 ,81807 ,95579 ,105876 ,86488 
도화동,129144 ,186688 ,83773 ,149212 ,181137 ,124228 ,127995 ,162624 ,106351 
용강동,91588 ,136759 ,76135 ,100121 ,156460 ,77798 ,117026 ,167079 ,99306 
대흥동,116718 ,131612 ,97202 ,105933 ,136781 ,74204 ,123995 ,168283 ,74320 
염리동,122682 ,120663 ,125412 ,112506 ,122056 ,79082 ,123652 ,163232 ,64281 
신수동,107490 ,134071 ,61922 ,82846 ,100058 ,60940 ,106623 ,120461 ,95280 
서강동,126087 ,155511 ,98727 ,127138 ,151220 ,97341 ,130836 ,150708 ,116327 
서교동,139924 ,162774 ,127306 ,133307 ,154854 ,117669 ,135895 ,175241 ,114458 
합정동,118402 ,138176 ,102319 ,125045 ,147097 ,107165 ,124403 ,134786 ,116393 
망원1동,109826 ,129780 ,80179 ,117543 ,134189 ,88412 ,124300 ,148541 ,91612 
망원2동,100581 ,111034 ,76495 ,100177 ,109101 ,83560 ,98916 ,114329 ,77657 
연남동,114737 ,126380 ,107314 ,120109 ,138813 ,99769 ,118900 ,129771 ,107896 
성산1동,76539 ,101720 ,54321 ,94131 ,102902 ,84108 ,87030 ,111719 ,64212 
성산2동,128053 ,143958 ,109422 ,97074 ,113312 ,75915 ,104126 ,125332 ,84150 
상암동,134461 ,189513 ,106935 ,148246 ,178407 ,129855 ,137305 ,188401 ,111156 
양천구,94989 ,117980 ,64353 ,97691 ,119994 ,69540 ,97109 ,119081 ,72320 
목1동,114925 ,164234 ,85649 ,131390 ,187285 ,98544 ,136665 ,172349 ,117435 
목2동,88780 ,97498 ,72929 ,95145 ,109433 ,77825 ,108422 ,120060 ,91083 
목3동,101209 ,139343 ,47823 ,95450 ,119322 ,69694 ,93220 ,125406 ,55517 
목4동,86194 ,107366 ,47920 ,89981 ,112013 ,51427 ,80507 ,98614 ,50631 
목5동,105548 ,163717 ,79371 ,144792 ,204653 ,89785 ,143850 ,229531 ,85735 
신월1동,83944 ,90369 ,67560 ,83236 ,104127 ,35604 ,70761 ,85021 ,34787 
신월2동,72456 ,80855 ,55656 ,71630 ,102394 ,44880 ,62907 ,79083 ,49966 
신월3동,67698 ,89607 ,33618 ,62901 ,69948 ,51156 ,78921 ,101315 ,38468 
신월4동,110823 ,125186 ,62349 ,69819 ,77374 ,48234 ,73320 ,87091 ,44597 
신월5동,64016 ,74980 ,36607 ,60365 ,75713 ,30949 ,74426 ,83312 ,48261 
신월6동,74319 ,77475 ,69360 ,78485 ,95290 ,36473 ,93605 ,111104 ,45485 
신월7동,66091 ,75343 ,39877 ,72961 ,98926 ,44213 ,67612 ,84143 ,41404 
신정1동,96665 ,123939 ,50508 ,95302 ,119234 ,48769 ,91174 ,111879 ,64294 
신정2동,104299 ,136550 ,54456 ,112978 ,132239 ,90966 ,80707 ,102146 ,59949 
신정3동,94740 ,123622 ,51952 ,101021 ,148030 ,54012 ,91348 ,140391 ,54760 
신정4동,90882 ,119908 ,60725 ,81448 ,94711 ,61553 ,85855 ,108057 ,62256 
신정6동,137546 ,214995 ,81610 ,148538 ,182922 ,108865 ,132294 ,198114 ,99384 
신정7동,127303 ,171273 ,88219 ,126595 ,159610 ,83871 ,117491 ,135789 ,96448 
강서구,102345 ,126634 ,71726 ,104918 ,131068 ,72972 ,100968 ,130888 ,72739 
염창동,89568 ,112451 ,69377 ,90989 ,112650 ,62488 ,85250 ,103457 ,66558 
등촌1동,73422 ,92270 ,48683 ,78848 ,99949 ,59330 ,89663 ,122354 ,61591 
등촌2동,85369 ,87173 ,79557 ,83295 ,101371 ,42624 ,77017 ,82087 ,69888 
등촌3동,79202 ,117643 ,63374 ,108997 ,148613 ,65075 ,111910 ,155125 ,86701 
화곡1동,82366 ,90770 ,64156 ,93310 ,109205 ,63542 ,87118 ,103075 ,62962 
화곡2동,74443 ,84071 ,40745 ,87713 ,87434 ,89310 ,71929 ,87566 ,30539 
화곡3동,82721 ,110066 ,56319 ,105873 ,122063 ,77090 ,105111 ,127908 ,71992 
화곡4동,102336 ,118144 ,53159 ,107062 ,120781 ,71869 ,103501 ,128586 ,42581 
화곡본동,97873 ,116790 ,70954 ,91584 ,108479 ,66241 ,88162 ,103147 ,61483 
화곡6동,91954 ,107655 ,67135 ,94609 ,108979 ,77308 ,86990 ,101796 ,62961 
화곡8동,138921 ,163921 ,90311 ,118674 ,131435 ,57001 ,113095 ,143545 ,46658 
가양1동,142866 ,239795 ,85404 ,143503 ,229347 ,91790 ,121101 ,205739 ,85633 
가양2동,106948 ,156509 ,75972 ,113338 ,168512 ,53566 ,112381 ,161403 ,80517 
가양3동,83305 ,84484 ,82569 ,112126 ,113144 ,111767 ,101026 ,134692 ,86598 
발산1동,81175 ,104544 ,42781 ,82438 ,123580 ,54503 ,86281 ,130546 ,64507 
우장산동,119483 ,135494 ,88606 ,107233 ,125925 ,73938 ,113038 ,145287 ,68247 
공항동,112096 ,120359 ,97119 ,87448 ,105695 ,46698 ,97475 ,99864 ,92799 
방화1동,102807 ,118163 ,76873 ,94570 ,115004 ,64383 ,112569 ,150475 ,63735 
방화2동,59974 ,74040 ,37869 ,61481 ,61127 ,62543 ,83062 ,89212 ,73903 
방화3동,113190 ,146749 ,74837 ,100309 ,141200 ,59419 ,108046 ,139318 ,65191 
구로구,95907 ,112279 ,81190 ,103790 ,118758 ,89128 ,108939 ,125230 ,92648 
신도림동,113293 ,129538 ,89506 ,130876 ,140322 ,119927 ,118262 ,116124 ,120485 
구로1동,97525 ,124024 ,57776 ,104142 ,135533 ,44850 ,135392 ,176522 ,95844 
구로2동,96774 ,113233 ,87345 ,97607 ,117441 ,84349 ,109942 ,120660 ,100483 
구로3동,135497 ,179098 ,115556 ,126336 ,162745 ,110558 ,128635 ,175219 ,107912 
구로4동,108703 ,129661 ,49528 ,120120 ,131056 ,98250 ,123115 ,147970 ,70233 
구로5동,91900 ,100837 ,87917 ,109823 ,94525 ,118870 ,101045 ,108376 ,97294 
가리봉동,72300 ,88675 ,28636 ,82822 ,103469 ,39234 ,112295 ,131388 ,62049 
고척1동,72893 ,95638 ,47564 ,96951 ,130441 ,45193 ,100611 ,143169 ,54850 
고척2동,57541 ,67520 ,40494 ,70209 ,82524 ,42502 ,86641 ,92672 ,74867 
개봉1동,77165 ,95135 ,34379 ,68515 ,77208 ,53061 ,81820 ,93600 ,50405 
개봉2동,89350 ,112044 ,54435 ,135375 ,138161 ,129207 ,96566 ,112976 ,73774 
개봉3동,63782 ,87591 ,30816 ,74849 ,94031 ,43459 ,81247 ,96731 ,46592 
오류1동,103246 ,120475 ,61898 ,103557 ,157809 ,39730 ,130310 ,150940 ,99364 
오류2동,93854 ,110740 ,79983 ,91469 ,114812 ,57232 ,93936 ,111028 ,72756 
수궁동,57639 ,70443 ,39144 ,62783 ,80973 ,29202 ,90859 ,105280 ,65152 
금천구,81184 ,101664 ,64910 ,94387 ,113393 ,79806 ,104134 ,121063 ,89683 
가산동,88374 ,103758 ,83887 ,101471 ,145606 ,87484 ,108848 ,162927 ,92498 
독산1동,75371 ,105717 ,46679 ,91874 ,104233 ,82800 ,96354 ,114688 ,79760 
독산2동,71259 ,80719 ,46820 ,69343 ,80031 ,45501 ,74640 ,92484 ,31943 
독산3동,79435 ,100199 ,52327 ,77411 ,80835 ,65728 ,80864 ,93892 ,54132 
독산4동,69611 ,79049 ,34692 ,87679 ,109238 ,33783 ,96115 ,107497 ,57226 
시흥1동,90803 ,118053 ,43873 ,93496 ,116809 ,48130 ,108817 ,133527 ,70607 
시흥2동,83534 ,117841 ,40650 ,112482 ,154385 ,45436 ,112368 ,148734 ,77457 
시흥3동,64622 ,112970 ,39141 ,86160 ,84629 ,87110 ,129313 ,108688 ,144746 
시흥4동,,74779 ,,96487 ,124566 ,34090 ,85538 ,98242 ,65101 
시흥5동,90177 ,102226 ,63243 ,112491 ,143357 ,48700 ,95882 ,108886 ,44429 
영등포구,92041 ,114619 ,70306 ,96426 ,112877 ,79890 ,107455 ,125517 ,88168 
영등포본동,94701 ,94151 ,95250 ,108294 ,98479 ,113202 ,121381 ,96928 ,143305 
영등포동,100903 ,132615 ,74892 ,106245 ,116882 ,95256 ,128319 ,137104 ,115755 
여의동,110053 ,202002 ,86789 ,130804 ,214929 ,100953 ,129517 ,205060 ,96870 
당산1동,79039 ,102363 ,60671 ,74853 ,95363 ,52366 ,90619 ,110628 ,69379 
당산2동,112422 ,148624 ,72198 ,95330 ,139029 ,69508 ,111268 ,158228 ,80362 
도림동,73749 ,95069 ,38864 ,67580 ,78083 ,49200 ,90715 ,99329 ,75806 
문래동,92461 ,111183 ,64700 ,90362 ,99272 ,78976 ,97731 ,103743 ,90196 
양평1동,77025 ,76125 ,78429 ,81360 ,95644 ,55799 ,91919 ,94853 ,87465 
양평2동,83199 ,102507 ,66304 ,91473 ,103523 ,81029 ,91689 ,115206 ,64579 
신길1동,72181 ,85962 ,46342 ,94809 ,106051 ,64454 ,112124 ,129127 ,71032 
신길3동,91911 ,113770 ,41467 ,98862 ,114382 ,61355 ,74744 ,86216 ,47976 
신길4동,,84859 ,,58446 ,77096 ,35134 ,55258 ,56603 ,52375 
신길5동,,64386 ,,72384 ,81190 ,38626 ,88674 ,102499 ,50656 
신길6동,87312 ,135817 ,44869 ,87898 ,99439 ,61740 ,90303 ,101326 ,64833 
신길7동,107167 ,111953 ,97597 ,126884 ,96103 ,162795 ,110026 ,118010 ,97650 
대림1동,71598 ,91275 ,36179 ,88436 ,106990 ,54808 ,92759 ,112461 ,58871 
대림2동,106750 ,120684 ,82864 ,105101 ,125304 ,70756 ,123788 ,149551 ,84900 
대림3동,69108 ,89118 ,40345 ,68516 ,90307 ,42055 ,78152 ,97441 ,57275 
동작구,107769 ,127443 ,78093 ,111730 ,132392 ,77071 ,115375 ,140186 ,79710 
노량진1동,126907 ,145374 ,99976 ,135584 ,163028 ,98454 ,136694 ,166693 ,91097 
노량진2동,131809 ,151707 ,97251 ,116709 ,140995 ,83591 ,142975 ,160181 ,114420 
상도1동,95864 ,110881 ,79393 ,113619 ,145612 ,74402 ,99768 ,120813 ,72306 
상도2동,105791 ,126265 ,65772 ,115232 ,138059 ,79235 ,109464 ,134669 ,77287 
상도3동,137389 ,158251 ,78976 ,113655 ,139816 ,59153 ,131170 ,160314 ,61007 
상도4동,68056 ,75909 ,50209 ,83749 ,92183 ,45193 ,102889 ,116005 ,67476 
흑석동,113260 ,126143 ,99423 ,110730 ,133685 ,74656 ,112995 ,125705 ,89529 
사당1동,100224 ,110956 ,72051 ,104567 ,116876 ,71426 ,96303 ,118927 ,69704 
사당2동,135448 ,173675 ,78108 ,134651 ,164087 ,101011 ,138299 ,182140 ,83166 
사당3동,95092 ,122728 ,70707 ,113599 ,136607 ,76531 ,111647 ,123771 ,95262 
사당4동,103439 ,124297 ,58743 ,95589 ,108270 ,62983 ,140126 ,173389 ,50571 
사당5동,67932 ,77466 ,55798 ,69191 ,77300 ,53874 ,79471 ,92983 ,62957 
대방동,84565 ,115053 ,51029 ,101347 ,119862 ,68760 ,90795 ,118489 ,57059 
신대방1동,138791 ,119218 ,165892 ,92368 ,119670 ,59606 ,107897 ,116389 ,94893 
신대방2동,90402 ,133167 ,51355 ,118830 ,149860 ,60908 ,112140 ,152062 ,79346 
관악구,103686 ,131220 ,61298 ,106014 ,123357 ,76866 ,105102 ,126384 ,74558 
보라매동,69630 ,89968 ,46387 ,94874 ,112021 ,61721 ,92081 ,105493 ,72269 
청림동,82013 ,72435 ,89996 ,145538 ,105290 ,192494 ,58772 ,67787 ,48555 
성현동,83685 ,114935 ,58387 ,71921 ,81406 ,61759 ,98333 ,140839 ,58257 
행운동,90159 ,114162 ,56156 ,95470 ,108261 ,78889 ,96285 ,115252 ,64435 
낙성대동,117800 ,141453 ,84141 ,114566 ,141693 ,63026 ,116479 ,143687 ,80975 
청룡동,131877 ,156687 ,62099 ,123342 ,155787 ,68436 ,108449 ,127346 ,86886 
은천동,102294 ,142731 ,47301 ,106709 ,141263 ,55473 ,108261 ,130651 ,74143 
중앙동,102693 ,144824 ,48524 ,108212 ,126228 ,79902 ,101572 ,113388 ,84832 
인헌동,116194 ,141486 ,62447 ,97181 ,118310 ,50697 ,109764 ,143867 ,50992 
남현동,145689 ,177601 ,101012 ,107109 ,129093 ,88266 ,124118 ,168905 ,89408 
서원동,119062 ,180658 ,70211 ,148824 ,180367 ,120148 ,118852 ,144504 ,100228 
신원동,111195 ,129154 ,52187 ,139763 ,157448 ,51336 ,107209 ,122323 ,57144 
서림동,63979 ,81086 ,50898 ,91206 ,102231 ,52620 ,111413 ,101232 ,130959 
신사동,96395 ,114278 ,58839 ,82423 ,93175 ,44475 ,124310 ,146236 ,74689 
신림동,162634 ,200677 ,97820 ,126087 ,153055 ,95102 ,138827 ,173751 ,89844 
난향동,98321 ,140174 ,61700 ,78504 ,89754 ,59752 ,75180 ,98380 ,68993 
조원동,71881 ,87626 ,46165 ,78140 ,94455 ,52648 ,82890 ,104581 ,51311 
대학동,102175 ,120649 ,57147 ,112888 ,116033 ,107228 ,96690 ,115289 ,61182 
삼성동,67175 ,89588 ,32539 ,64510 ,77208 ,32763 ,68104 ,77113 ,53089 
미성동,73915 ,90372 ,46486 ,93306 ,92399 ,94903 ,92567 ,112009 ,61543 
난곡동,121621 ,145485 ,67382 ,112018 ,150293 ,45037 ,92557 ,107199 ,56270 
서초구,112216 ,135962 ,94939 ,113043 ,136422 ,94125 ,119955 ,139348 ,107097 
서초1동,94295 ,115439 ,74347 ,110415 ,141115 ,83742 ,105191 ,128311 ,87420 
서초2동,137831 ,165685 ,126076 ,143942 ,150677 ,141575 ,156557 ,190224 ,145421 
서초3동,113128 ,116757 ,110861 ,99074 ,122027 ,79181 ,116858 ,143651 ,99286 
서초4동,104309 ,128181 ,95933 ,122433 ,142049 ,113779 ,136779 ,179962 ,117402 
잠원동,104733 ,138496 ,86913 ,106366 ,146440 ,86918 ,119725 ,130121 ,114048 
반포본동,148202 ,180246 ,98678 ,113712 ,131213 ,64711 ,104273 ,116104 ,78037 
반포1동,130280 ,175193 ,97616 ,147977 ,174748 ,122277 ,143525 ,158179 ,131339 
반포2동,229023 ,300585 ,139570 ,,,208604 ,196190 ,284170 ,154788 
반포3동,134246 ,211105 ,75124 ,156825 ,234070 ,88668 ,155322 ,222274 ,117425 
반포4동,157639 ,263822 ,124037 ,150765 ,223591 ,111551 ,151097 ,180416 ,144306 
방배본동,100598 ,118877 ,80444 ,97837 ,123124 ,57961 ,92220 ,123587 ,61213 
방배1동,102758 ,125331 ,83235 ,97520 ,139502 ,67825 ,110559 ,136630 ,83416 
방배2동,126431 ,147506 ,95476 ,104293 ,117846 ,85402 ,116518 ,122210 ,110382 
방배3동,78474 ,97248 ,54486 ,115899 ,162377 ,57026 ,77628 ,108401 ,58864 
방배4동,105405 ,109714 ,100066 ,105457 ,117420 ,74462 ,104575 ,124424 ,80924 
양재1동,103899 ,141496 ,71673 ,98069 ,123982 ,77996 ,110094 ,136845 ,88618 
양재2동,71356 ,84638 ,61972 ,80340 ,94934 ,70198 ,79378 ,94076 ,66714 
내곡동,153520 ,132540 ,176830 ,109859 ,101961 ,134681 ,125926 ,173860 ,82350 
강남구,127378 ,157204 ,108414 ,133641 ,165285 ,113096 ,136661 ,172407 ,116285 
신사동,125137 ,193837 ,87351 ,126682 ,175662 ,94989 ,127081 ,173802 ,101218 
논현1동,133021 ,163461 ,111370 ,121645 ,154995 ,98618 ,127885 ,163237 ,104553 
논현2동,103589 ,126562 ,89382 ,113709 ,143319 ,95501 ,122763 ,140487 ,113359 
압구정동,129082 ,175139 ,99589 ,140197 ,208071 ,91085 ,136941 ,200067 ,100006 
청담동,121490 ,159269 ,100934 ,138187 ,184141 ,112359 ,134122 ,163769 ,122141 
삼성1동,146465 ,156192 ,141902 ,188678 ,191935 ,187186 ,170869 ,176473 ,168281 
삼성2동,150431 ,178491 ,131233 ,152148 ,152907 ,151577 ,140272 ,176397 ,116977 
대치1동,152620 ,219765 ,98904 ,215768 ,332236 ,138123 ,187687 ,261107 ,124755 
대치2동,123442 ,158601 ,108269 ,151013 ,152848 ,149971 ,149244 ,179427 ,127613 
대치4동,137900 ,170436 ,112676 ,134257 ,180735 ,97433 ,143178 ,203120 ,108752 
역삼1동,137774 ,153507 ,128859 ,137924 ,157874 ,127699 ,143087 ,169785 ,131058 
역삼2동,121527 ,155644 ,96197 ,144872 ,156619 ,136638 ,149688 ,201592 ,121422 
도곡1동,147596 ,213951 ,110732 ,126591 ,162810 ,93231 ,138088 ,184825 ,108116 
도곡2동,135984 ,159808 ,119307 ,133549 ,182823 ,98352 ,146626 ,189737 ,120034 
개포1동,,84268 ,,,,,,,81064 
개포2동,92518 ,115077 ,76276 ,129504 ,174883 ,67406 ,133783 ,158632 ,96509 
개포4동,70210 ,84432 ,51249 ,64063 ,82942 ,48837 ,69656 ,89422 ,54062 
세곡동,147365 ,201193 ,110358 ,116309 ,147138 ,94289 ,115341 ,145484 ,100647 
일원본동,129926 ,143663 ,121341 ,133262 ,157231 ,109293 ,163834 ,201675 ,105959 
일원1동,82439 ,101517 ,43011 ,99944 ,130373 ,45848 ,101610 ,128407 ,50077 
일원2동,131365 ,187114 ,81811 ,97536 ,159509 ,80321 ,122081 ,168997 ,110708 
수서동,119736 ,133860 ,117445 ,99009 ,134597 ,87529 ,130981 ,190861 ,107801 
송파구,107219 ,129925 ,82391 ,115344 ,141289 ,89809 ,124972 ,149655 ,103601 
풍납1동,85090 ,103106 ,46484 ,,86261 ,,74773 ,88187 ,45071 
풍납2동,77137 ,91927 ,55445 ,94241 ,108950 ,74416 ,89122 ,113169 ,49043 
거여1동,69920 ,82906 ,34673 ,71143 ,85552 ,44944 ,84487 ,102944 ,69287 
거여2동,105920 ,141026 ,51910 ,90048 ,137904 ,47823 ,73760 ,107548 ,43043 
마천1동,,67557 ,,76312 ,88253 ,36508 ,84399 ,96292 ,42775 
마천2동,79811 ,95541 ,41799 ,87414 ,103686 ,44021 ,104738 ,125297 ,32334 
방이1동,74730 ,96743 ,48888 ,92094 ,112063 ,74027 ,94078 ,128824 ,52072 
방이2동,91665 ,123243 ,62408 ,102758 ,145312 ,65941 ,108876 ,143878 ,77632 
오륜동,277103 ,373532 ,139348 ,298163 ,354303 ,148458 ,302943 ,342474 ,213999 
오금동,79198 ,85555 ,69505 ,80925 ,106564 ,56660 ,78402 ,104359 ,48166 
송파1동,90753 ,104352 ,72861 ,88339 ,111063 ,55647 ,112154 ,125216 ,96479 
송파2동,103954 ,126727 ,75488 ,91376 ,125771 ,51823 ,80843 ,110672 ,57701 
석촌동,97016 ,112119 ,68352 ,98340 ,127574 ,61694 ,114892 ,147530 ,77495 
삼전동,104219 ,122256 ,65221 ,121724 ,147612 ,76852 ,106520 ,141274 ,61339 
가락본동,99114 ,107499 ,92604 ,107015 ,127764 ,84380 ,111888 ,145514 ,78713 
가락1동,73876 ,59381 ,130043 ,108802 ,105137 ,119542 ,179344 ,167260 ,199132 
가락2동,86763 ,107394 ,61671 ,90000 ,112957 ,52543 ,93604 ,121744 ,66649 
문정1동,79386 ,103933 ,48948 ,77326 ,97638 ,46507 ,93695 ,103693 ,78592 
문정2동,112204 ,218909 ,84207 ,125338 ,222987 ,100138 ,130523 ,204019 ,114702 
장지동,75373 ,97364 ,49717 ,80943 ,115585 ,45363 ,103410 ,127995 ,58812 
위례동,207880 ,250808 ,126318 ,152940 ,191620 ,106115 ,144523 ,218904 ,83843 
잠실본동,113633 ,139723 ,78056 ,127705 ,171225 ,73144 ,123169 ,164849 ,77089 
잠실2동,282584 ,443647 ,199070 ,317612 ,482162 ,228481 ,272598 ,470857 ,203079 
잠실3동,198367 ,257847 ,167334 ,263564 ,153105 ,294247 ,243063 ,253286 ,241189 
잠실4동,255556 ,364791 ,130716 ,250176 ,372707 ,153902 ,232436 ,353252 ,197917 
잠실6동,150522 ,268390 ,104525 ,165214 ,205876 ,148193 ,166013 ,195286 ,156255 
잠실7동,,139339 ,,,,,133828 ,199699 ,46001 
강동구,89353 ,108019 ,61217 ,90913 ,110884 ,60584 ,106808 ,126850 ,78673 
